<?xml version="1.0" encoding="utf-8"?>
<!--/310229/930690/2.50/4/2/Connector/-->
<quadcept_library>
  <setting unit="mil" />
  <textstyle name="Default" height="47.244094488189" strokewidth="7.8740157480315" charwidth="47.244094488189" />
  <textstyle name="Dimension" height="19.6850393700787" strokewidth="0" charwidth="19.6850393700787" />
  <textstyle name="H127W0635TH00762" height="50" strokewidth="3" charwidth="25" />
  <textstyle name="H15W15TH02" height="59.0551181102362" strokewidth="7.8740157480315" charwidth="59.0551181102362" />
  <padstyle name="c270_h180" surface="False" plated="True" isvia="False" nopaste="True" nomask="True" complex="False" holesize="70.866141732283">
    <padshape layer="TOP" shape="round" width="106.29921259842" height="106.29921259842" />
    <padshape layer="TOP_SOLDER_MASK" shape="round" width="114.17322834646" height="114.17322834646" />
    <padshape layer="INNER" shape="round" width="106.29921259842" height="106.29921259842" />
    <padshape layer="BOTTOM" shape="round" width="106.29921259842" height="106.29921259842" />
    <padshape layer="BOTTOM_SOLDER_MASK" shape="round" width="114.17322834646" height="114.17322834646" />
  </padstyle>
  <padstyle name="s270_h180" surface="False" plated="True" isvia="False" nopaste="True" nomask="True" complex="False" holesize="70.866141732283">
    <padshape layer="TOP" shape="square" width="106.29921259842" height="106.29921259842" />
    <padshape layer="TOP_SOLDER_MASK" shape="square" width="114.17322834646" height="114.17322834646" />
    <padshape layer="INNER" shape="square" width="106.29921259842" height="106.29921259842" />
    <padshape layer="BOTTOM" shape="square" width="106.29921259842" height="106.29921259842" />
    <padshape layer="BOTTOM_SOLDER_MASK" shape="square" width="114.17322834646" height="114.17322834646" />
  </padstyle>
  <footprint name="874270442" originx="0" originy="0" pickpointx="0" pickpointy="0">
    <pcbpin number="1" name="1" style="s270_h180" originx="0" originy="0" rotation="90" />
    <pcbpin number="2" name="2" style="c270_h180" originx="0" originy="165.35433070866" rotation="90" />
    <pcbpin number="3" name="3" style="c270_h180" originx="-165.35433070866" originy="0" rotation="90" />
    <pcbpin number="4" name="4" style="c270_h180" originx="-165.35433070866" originy="165.35433070866" rotation="90" />
    <line layer="TOP_ASSEMBLY" originx="-271.65354330708" originy="-106.29921259842" endx="106.29921259842" endy="-106.29921259842" width="3.9370078740157" />
    <line layer="TOP_ASSEMBLY" originx="106.29921259842" originy="-106.29921259842" endx="106.29921259842" endy="271.65354330708" width="3.9370078740157" />
    <line layer="TOP_ASSEMBLY" originx="106.29921259842" originy="271.65354330708" endx="-271.65354330708" endy="271.65354330708" width="3.9370078740157" />
    <line layer="TOP_ASSEMBLY" originx="-271.65354330708" originy="271.65354330708" endx="-271.65354330708" endy="-106.29921259842" width="3.9370078740157" />
    <line layer="TOP_PLACE_BOUND" originx="-311.02362204724" originy="311.02362204724" endx="145.66929133858" endy="311.02362204724" width="3.9370078740157" />
    <line layer="TOP_PLACE_BOUND" originx="145.66929133858" originy="311.02362204724" endx="145.66929133858" endy="-145.66929133858" width="3.9370078740157" />
    <line layer="TOP_PLACE_BOUND" originx="145.66929133858" originy="-145.66929133858" endx="-311.02362204724" endy="-145.66929133858" width="3.9370078740157" />
    <line layer="TOP_PLACE_BOUND" originx="-311.02362204724" originy="-145.66929133858" endx="-311.02362204724" endy="311.02362204724" width="3.9370078740157" />
    <line layer="TOP_SILKSCREEN" originx="-271.65354330708" originy="-106.29921259842" endx="-271.65354330708" endy="271.65354330708" width="7.8740157480314" />
    <line layer="TOP_SILKSCREEN" originx="-271.65354330708" originy="271.65354330708" endx="106.29921259842" endy="271.65354330708" width="7.8740157480314" />
    <line layer="TOP_SILKSCREEN" originx="106.29921259842" originy="271.65354330708" endx="106.29921259842" endy="-106.29921259842" width="7.8740157480314" />
    <line layer="TOP_SILKSCREEN" originx="106.29921259842" originy="-106.29921259842" endx="-271.65354330708" endy="-106.29921259842" width="7.8740157480314" />
    <line layer="TOP_SILKSCREEN" originx="-271.65354330708" originy="-106.29921259842" endx="-263.77952755905" endy="-106.29921259842" width="7.8740157480314" />
    <line layer="TOP_SILKSCREEN" originx="125.9842519685" originy="0" endx="125.9842519685" endy="0" width="3.9370078740157" />
    <arc layer="TOP_SILKSCREEN" originx="127.95275590551" originy="0" startangle="-180.0" sweepangle="180.0" radius="1.9685039370079" width="3.9370078740157" />
    <line layer="TOP_SILKSCREEN" originx="129.92125984252" originy="0" endx="129.92125984252" endy="0" width="3.9370078740157" />
    <arc layer="TOP_SILKSCREEN" originx="127.95275590551" originy="0" startangle=".0" sweepangle="180.0" radius="1.9685039370079" width="3.9370078740157" />
  </footprint>
  <symbol name="87427-0442" originx="0" originy="0">
    <line originx="200" originy="100" endx="600" endy="100" width="0" />
    <line originx="600" originy="-200" endx="600" endy="100" width="0" />
    <line originx="600" originy="-200" endx="200" endy="-200" width="0" />
    <line originx="200" originy="100" endx="200" endy="-200" width="0" />
    <sympin number="1" originx="600" originy="-100" rotation="0" length="100" width="7.8740157480315" flipped="False">
      <text name="pinname" originx="570" originy="-100" style="Default" rotation="0" justify="right" flipped="False" hidden="False" data="1" />
      <text name="pindes" originx="660" originy="-80" style="Default" rotation="0" justify="lowerleft" flipped="False" hidden="False" data="1" />
    </sympin>
    <sympin number="2" originx="600" originy="0" rotation="0" length="100" width="7.8740157480315" flipped="False">
      <text name="pinname" originx="570" originy="0" style="Default" rotation="0" justify="right" flipped="False" hidden="False" data="2" />
      <text name="pindes" originx="660" originy="20" style="Default" rotation="0" justify="lowerleft" flipped="False" hidden="False" data="2" />
    </sympin>
    <sympin number="3" originx="200" originy="-100" rotation="180" length="100" width="7.8740157480315" flipped="False">
      <text name="pinname" originx="230" originy="-100" style="Default" rotation="0" justify="left" flipped="False" hidden="False" data="3" />
      <text name="pindes" originx="140" originy="-80" style="Default" rotation="0" justify="lowerright" flipped="False" hidden="False" data="3" />
    </sympin>
    <sympin number="4" originx="200" originy="0" rotation="180" length="100" width="7.8740157480315" flipped="False">
      <text name="pinname" originx="230" originy="0" style="Default" rotation="0" justify="left" flipped="False" hidden="False" data="4" />
      <text name="pindes" originx="140" originy="20" style="Default" rotation="0" justify="lowerright" flipped="False" hidden="False" data="4" />
    </sympin>
  </symbol>
  <component name="87427-0442" designatorprefix="J" height="511.81102362204" footprint="874270442">
    <comppin designator="1" sympin="1" pinswap="0" gateswap="0" gate="1" group="1" side="" type="Any" name="1" />
    <comppin designator="2" sympin="2" pinswap="0" gateswap="0" gate="1" group="1" side="" type="Any" name="2" />
    <comppin designator="3" sympin="3" pinswap="0" gateswap="0" gate="1" group="1" side="" type="Any" name="3" />
    <comppin designator="4" sympin="4" pinswap="0" gateswap="0" gate="1" group="1" side="" type="Any" name="4" />
    <attached_symbol gate="1" name="87427-0442" />
    <pinmap designator="1" footprintpin="1" />
    <pinmap designator="2" footprintpin="2" />
    <pinmap designator="3" footprintpin="3" />
    <pinmap designator="4" footprintpin="4" />
    <text name="Datasheet" originx="0" originy="0" style="Default" rotation="0" justify="" flipped="False" hidden="True" data="https://www.molex.com/pdm_docs/sd/874270442_sd.pdf" />
    <text name="Description" originx="0" originy="0" style="Default" rotation="0" justify="" flipped="False" hidden="True" data="Mini-Fit Jr. Header, 4.20mm Pitch, Vertical, without Flange, 4 Circuits, Tin (Sn) over Nickel (Ni) Plating, Bulk Packaging  " />
    <text name="Mouser Part Number" originx="0" originy="0" style="Default" rotation="0" justify="" flipped="False" hidden="True" data="538-87427-0442" />
    <text name="Mouser Price/Stock" originx="0" originy="0" style="Default" rotation="0" justify="" flipped="False" hidden="True" data="https://www.mouser.co.uk/ProductDetail/Molex/87427-0442?qs=qjii0NTOo%252B6fkA%252BPzoy6OA%3D%3D" />
    <text name="Manufacturer_Name" originx="0" originy="0" style="Default" rotation="0" justify="" flipped="False" hidden="True" data="Molex" />
    <text name="Manufacturer_Part_Number" originx="650" originy="200" style="Default" rotation="0" justify="left" flipped="False" hidden="False" data="87427-0442" />
  </component>
</quadcept_library>
